1, https://scontent-nrt1-2.cdninstagram.com/v/t51.2885-15/513876204_18054089165599399_8862404465474695928_n.jpg?stp=dst-jpg_e35_tt6&efg=eyJ2ZW5jb2RlX3RhZyI6IkNBUk9VU0VMX0lURU0uaW1hZ2VfdXJsZ2VuLjE0NDB4MTgwMC5zZHIuZjgyNzg3LmRlZmF1bHRfaW1hZ2UifQ&_nc_ht=scontent-nrt1-2.cdninstagram.com&_nc_cat=107&_nc_oc=Q6cZ2QGVdSlvX0BQUtkQF28Sfp2ohjHBKDGWroMKSaLQIQGT8BsM6QMf7aGk-HM7oKEYpQM&_nc_ohc=9oX6qhrdhtYQ7kNvwEGt6ja&_nc_gid=X7wXnrhU4pAhXoMV_FF2vQ&edm=ABmJApABAAAA&ccb=7-5&ig_cache_key=MzY2MzI1ODM4NjU0NzY4NDU0Mg%3D%3D.3-ccb7-5&oh=00_AfNqKZoMdgn0OW3HjQS6_N74HIruVk9a92R1o32Q-Gytzw&oe=686ABB3F&_nc_sid=b41fef
2, https://scontent-nrt1-2.cdninstagram.com/v/t51.2885-15/510961233_18054089180599399_4529409280222338343_n.jpg?stp=dst-jpegr_e35_tt6&efg=eyJ2ZW5jb2RlX3RhZyI6IkNBUk9VU0VMX0lURU0uaW1hZ2VfdXJsZ2VuLjE0NDB4MTgwMC5oZHIuZjgyNzg3LmRlZmF1bHRfaW1hZ2UifQ&_nc_ht=scontent-nrt1-2.cdninstagram.com&_nc_cat=107&_nc_oc=Q6cZ2QGVdSlvX0BQUtkQF28Sfp2ohjHBKDGWroMKSaLQIQGT8BsM6QMf7aGk-HM7oKEYpQM&_nc_ohc=v0D6EK8hEc0Q7kNvwHiWmHG&_nc_gid=X7wXnrhU4pAhXoMV_FF2vQ&edm=ABmJApABAAAA&ccb=7-5&ig_cache_key=MzY2MzI1ODM4NjQ4OTA5ODI1Mw%3D%3D.3-ccb7-5&oh=00_AfPcob-nb6hgs-FM295DF-y5yM-DH3px-jWsyCU1PmChGw&oe=686ABAF4&_nc_sid=b41fef
3, https://scontent-nrt1-2.cdninstagram.com/v/t51.2885-15/510975920_18054089195599399_3826981007206578886_n.jpg?stp=dst-jpg_e35_tt6&efg=eyJ2ZW5jb2RlX3RhZyI6IkNBUk9VU0VMX0lURU0uaW1hZ2VfdXJsZ2VuLjE0NDB4MTgwMC5zZHIuZjgyNzg3LmRlZmF1bHRfaW1hZ2UifQ&_nc_ht=scontent-nrt1-2.cdninstagram.com&_nc_cat=107&_nc_oc=Q6cZ2QGVdSlvX0BQUtkQF28Sfp2ohjHBKDGWroMKSaLQIQGT8BsM6QMf7aGk-HM7oKEYpQM&_nc_ohc=_0uPPEMqxXoQ7kNvwEPftNq&_nc_gid=X7wXnrhU4pAhXoMV_FF2vQ&edm=ABmJApABAAAA&ccb=7-5&ig_cache_key=MzY2MzI1ODM4NjQ5NzQyNzA3MQ%3D%3D.3-ccb7-5&oh=00_AfOG3b8Cl9xF02y9bDEWtJtGSGrdSAd82H4DBq6ps5REgQ&oe=686A9AD5&_nc_sid=b41fef
4, https://scontent-nrt1-2.cdninstagram.com/v/t51.2885-15/510431295_18054089219599399_5984752230184782736_n.jpg?stp=dst-jpegr_e35_tt6&efg=eyJ2ZW5jb2RlX3RhZyI6IkNBUk9VU0VMX0lURU0uaW1hZ2VfdXJsZ2VuLjE0NDB4MTgwMC5oZHIuZjgyNzg3LmRlZmF1bHRfaW1hZ2UifQ&_nc_ht=scontent-nrt1-2.cdninstagram.com&_nc_cat=107&_nc_oc=Q6cZ2QGVdSlvX0BQUtkQF28Sfp2ohjHBKDGWroMKSaLQIQGT8BsM6QMf7aGk-HM7oKEYpQM&_nc_ohc=LApRUAmdFPoQ7kNvwEK_gyY&_nc_gid=X7wXnrhU4pAhXoMV_FF2vQ&edm=ABmJApABAAAA&ccb=7-5&ig_cache_key=MzY2MzI1ODM4NjQ4ODk0MzA3NA%3D%3D.3-ccb7-5&oh=00_AfMoIvioa_rkPv_vXIzLjgo88yEIYVPyJ-o8vP409BswdQ&oe=686AC3A1&_nc_sid=b41fef
5, https://scontent-nrt1-2.cdninstagram.com/v/t51.2885-15/510471930_18054089216599399_5884288987672683211_n.jpg?stp=dst-jpg_e35_tt6&efg=eyJ2ZW5jb2RlX3RhZyI6IkNBUk9VU0VMX0lURU0uaW1hZ2VfdXJsZ2VuLjE0NDB4MTgwMC5zZHIuZjgyNzg3LmRlZmF1bHRfaW1hZ2UifQ&_nc_ht=scontent-nrt1-2.cdninstagram.com&_nc_cat=107&_nc_oc=Q6cZ2QGVdSlvX0BQUtkQF28Sfp2ohjHBKDGWroMKSaLQIQGT8BsM6QMf7aGk-HM7oKEYpQM&_nc_ohc=xUyTTGFM1QoQ7kNvwFxTndj&_nc_gid=X7wXnrhU4pAhXoMV_FF2vQ&edm=ABmJApABAAAA&ccb=7-5&ig_cache_key=MzY2MzI1ODM4NjU0NzY1NTU4Mg%3D%3D.3-ccb7-5&oh=00_AfMZnO_rj71sAFm_93nS1aAjM0In8Up0Cypxrk7UbFDsIA&oe=686A9EB0&_nc_sid=b41fef
6, https://scontent-nrt1-2.cdninstagram.com/v/t51.2885-15/510965596_18054089228599399_15070339394273739_n.jpg?stp=dst-jpg_e35_tt6&efg=eyJ2ZW5jb2RlX3RhZyI6IkNBUk9VU0VMX0lURU0uaW1hZ2VfdXJsZ2VuLjE0NDB4MTgwMC5zZHIuZjgyNzg3LmRlZmF1bHRfaW1hZ2UifQ&_nc_ht=scontent-nrt1-2.cdninstagram.com&_nc_cat=107&_nc_oc=Q6cZ2QGVdSlvX0BQUtkQF28Sfp2ohjHBKDGWroMKSaLQIQGT8BsM6QMf7aGk-HM7oKEYpQM&_nc_ohc=FTnEwhwylDAQ7kNvwFinlg3&_nc_gid=X7wXnrhU4pAhXoMV_FF2vQ&edm=ABmJApABAAAA&ccb=7-5&ig_cache_key=MzY2MzI1ODM4NjQ4OTE0MTU4Mg%3D%3D.3-ccb7-5&oh=00_AfPJNVO7zHDIiqFYCsZm_f4PUvH0PCVWAsGc7qr0HJ7lJw&oe=686A97AE&_nc_sid=b41fef
7, https://scontent-nrt1-2.cdninstagram.com/v/t51.2885-15/510442332_18054089249599399_6804239574752921719_n.jpg?stp=dst-jpegr_e35_tt6&efg=eyJ2ZW5jb2RlX3RhZyI6IkNBUk9VU0VMX0lURU0uaW1hZ2VfdXJsZ2VuLjE0NDB4MTgwMC5oZHIuZjgyNzg3LmRlZmF1bHRfaW1hZ2UifQ&_nc_ht=scontent-nrt1-2.cdninstagram.com&_nc_cat=107&_nc_oc=Q6cZ2QGVdSlvX0BQUtkQF28Sfp2ohjHBKDGWroMKSaLQIQGT8BsM6QMf7aGk-HM7oKEYpQM&_nc_ohc=TuSDmSaiiuUQ7kNvwF4eXgC&_nc_gid=X7wXnrhU4pAhXoMV_FF2vQ&edm=ABmJApABAAAA&ccb=7-5&ig_cache_key=MzY2MzI1ODM4NjQ5NzQzMjY2OA%3D%3D.3-ccb7-5&oh=00_AfP5-6s85qW87GqQ906Tdvi_BiNMObyR4Y75wE1TOWo5Bw&oe=686AC4F6&_nc_sid=b41fef
8, https://scontent-nrt1-2.cdninstagram.com/v/t51.2885-15/510437667_18054089258599399_5313947239742556455_n.jpg?stp=dst-jpg_e35_tt6&efg=eyJ2ZW5jb2RlX3RhZyI6IkNBUk9VU0VMX0lURU0uaW1hZ2VfdXJsZ2VuLjE0NDB4MTgwMC5zZHIuZjgyNzg3LmRlZmF1bHRfaW1hZ2UifQ&_nc_ht=scontent-nrt1-2.cdninstagram.com&_nc_cat=107&_nc_oc=Q6cZ2QGVdSlvX0BQUtkQF28Sfp2ohjHBKDGWroMKSaLQIQGT8BsM6QMf7aGk-HM7oKEYpQM&_nc_ohc=afVYWTGIQEkQ7kNvwFNibBs&_nc_gid=X7wXnrhU4pAhXoMV_FF2vQ&edm=ABmJApABAAAA&ccb=7-5&ig_cache_key=MzY2MzI1ODM4NjUyMjU5MzE0Ng%3D%3D.3-ccb7-5&oh=00_AfOFjHQPNVb0nmHub_A56-1UbxDc3CrwFXYd0IMC1MNzQQ&oe=686A9544&_nc_sid=b41fef
9, https://scontent-nrt1-2.cdninstagram.com/v/t51.2885-15/511532001_18054089267599399_1866816454497707892_n.jpg?stp=dst-jpg_e35_tt6&efg=eyJ2ZW5jb2RlX3RhZyI6IkNBUk9VU0VMX0lURU0uaW1hZ2VfdXJsZ2VuLjE0NDB4MTgwMC5zZHIuZjgyNzg3LmRlZmF1bHRfaW1hZ2UifQ&_nc_ht=scontent-nrt1-2.cdninstagram.com&_nc_cat=107&_nc_oc=Q6cZ2QGVdSlvX0BQUtkQF28Sfp2ohjHBKDGWroMKSaLQIQGT8BsM6QMf7aGk-HM7oKEYpQM&_nc_ohc=2l25zesmc_AQ7kNvwF6CXRJ&_nc_gid=X7wXnrhU4pAhXoMV_FF2vQ&edm=ABmJApABAAAA&ccb=7-5&ig_cache_key=MzY2MzI1ODM4NjUyMjU1MjE5Ng%3D%3D.3-ccb7-5&oh=00_AfPneb0pW1nY3RY1RYuvKPY3_YMVYqTxfM82ObqFLtqOlA&oe=686ABA01&_nc_sid=b41fef
10, https://scontent-nrt1-2.cdninstagram.com/v/t51.2885-15/510425278_18054089276599399_7342490824224027932_n.jpg?stp=dst-jpg_e35_tt6&efg=eyJ2ZW5jb2RlX3RhZyI6IkNBUk9VU0VMX0lURU0uaW1hZ2VfdXJsZ2VuLjE0NDB4MTgwMC5zZHIuZjgyNzg3LmRlZmF1bHRfaW1hZ2UifQ&_nc_ht=scontent-nrt1-2.cdninstagram.com&_nc_cat=107&_nc_oc=Q6cZ2QGVdSlvX0BQUtkQF28Sfp2ohjHBKDGWroMKSaLQIQGT8BsM6QMf7aGk-HM7oKEYpQM&_nc_ohc=kuwoq5hMDjwQ7kNvwE9v42H&_nc_gid=X7wXnrhU4pAhXoMV_FF2vQ&edm=ABmJApABAAAA&ccb=7-5&ig_cache_key=MzY2MzI1ODM4NjQ4OTE0MTQ4NA%3D%3D.3-ccb7-5&oh=00_AfPnXKUwTbGfbbUAPxDh2lm9R315cHZ8PYqRUekSqQGLdw&oe=686ACB9A&_nc_sid=b41fef
11, https://scontent-nrt1-2.cdninstagram.com/v/t51.2885-15/510972748_18054089285599399_1255501829789449090_n.jpg?stp=dst-jpg_e35_tt6&efg=eyJ2ZW5jb2RlX3RhZyI6IkNBUk9VU0VMX0lURU0uaW1hZ2VfdXJsZ2VuLjE0NDB4MTgwMy5zZHIuZjgyNzg3LmRlZmF1bHRfaW1hZ2UifQ&_nc_ht=scontent-nrt1-2.cdninstagram.com&_nc_cat=107&_nc_oc=Q6cZ2QGVdSlvX0BQUtkQF28Sfp2ohjHBKDGWroMKSaLQIQGT8BsM6QMf7aGk-HM7oKEYpQM&_nc_ohc=IOyuY8WrYJEQ7kNvwHiXZqu&_nc_gid=X7wXnrhU4pAhXoMV_FF2vQ&edm=ABmJApABAAAA&ccb=7-5&ig_cache_key=MzY2MzI1ODM4NjUzOTM2MjUyOA%3D%3D.3-ccb7-5&oh=00_AfPPjSTb2Eho-w9iLwGr8SQu069yztAXwvYHfWocjjkhEQ&oe=686AB4F0&_nc_sid=b41fef
12, https://scontent-nrt1-2.cdninstagram.com/v/t51.2885-15/510974810_18054089294599399_7653269931891270576_n.jpg?stp=dst-jpg_e35_tt6&efg=eyJ2ZW5jb2RlX3RhZyI6IkNBUk9VU0VMX0lURU0uaW1hZ2VfdXJsZ2VuLjE0NDB4MTc5Ny5zZHIuZjgyNzg3LmRlZmF1bHRfaW1hZ2UifQ&_nc_ht=scontent-nrt1-2.cdninstagram.com&_nc_cat=107&_nc_oc=Q6cZ2QGVdSlvX0BQUtkQF28Sfp2ohjHBKDGWroMKSaLQIQGT8BsM6QMf7aGk-HM7oKEYpQM&_nc_ohc=PdtErDP-hs4Q7kNvwH5Tlsh&_nc_gid=X7wXnrhU4pAhXoMV_FF2vQ&edm=ABmJApABAAAA&ccb=7-5&ig_cache_key=MzY2MzI1ODM4NjU0NzgzNDA3OA%3D%3D.3-ccb7-5&oh=00_AfODevQb1qrd_PZzEeOP-Vj3ytc7EjP9ThPiJGp7DalF8g&oe=686AAB3E&_nc_sid=b41fef
13, https://scontent-nrt1-2.cdninstagram.com/v/t51.2885-15/512229651_18054089303599399_4924216316021265369_n.jpg?stp=dst-jpg_e35_tt6&efg=eyJ2ZW5jb2RlX3RhZyI6IkNBUk9VU0VMX0lURU0uaW1hZ2VfdXJsZ2VuLjE0NDB4MTgwMC5zZHIuZjgyNzg3LmRlZmF1bHRfaW1hZ2UifQ&_nc_ht=scontent-nrt1-2.cdninstagram.com&_nc_cat=107&_nc_oc=Q6cZ2QGVdSlvX0BQUtkQF28Sfp2ohjHBKDGWroMKSaLQIQGT8BsM6QMf7aGk-HM7oKEYpQM&_nc_ohc=-wTBgcZtHkkQ7kNvwHeCx8z&_nc_gid=X7wXnrhU4pAhXoMV_FF2vQ&edm=ABmJApABAAAA&ccb=7-5&ig_cache_key=MzY2MzI1ODM4NjQ4ODkxODgzOA%3D%3D.3-ccb7-5&oh=00_AfOLLeY1JF-5nFgHprXff13SANn6MwVGTQGlHaNajUtrhw&oe=686A9EB3&_nc_sid=b41fef
14, https://scontent-nrt1-2.cdninstagram.com/v/t51.2885-15/499049498_18053308019599399_2491055763255725742_n.jpg?stp=dst-jpg_e35_tt6&efg=eyJ2ZW5jb2RlX3RhZyI6IkNBUk9VU0VMX0lURU0uaW1hZ2VfdXJsZ2VuLjE0NDB4MTgwMC5zZHIuZjc1NzYxLmRlZmF1bHRfaW1hZ2UifQ&_nc_ht=scontent-nrt1-2.cdninstagram.com&_nc_cat=107&_nc_oc=Q6cZ2QGVdSlvX0BQUtkQF28Sfp2ohjHBKDGWroMKSaLQIQGT8BsM6QMf7aGk-HM7oKEYpQM&_nc_ohc=XBkMENX4kGkQ7kNvwHeX0rr&_nc_gid=X7wXnrhU4pAhXoMV_FF2vQ&edm=ABmJApABAAAA&ccb=7-5&ig_cache_key=MzY1ODE2OTU1ODUyNjg3ODU0NA%3D%3D.3-ccb7-5&oh=00_AfPoAoOtVO3m8jmc6GqUaJx3cxDOBCsOVS0Navn7qkpzoA&oe=686AB83D&_nc_sid=b41fef
15, https://scontent-nrt1-2.cdninstagram.com/v/t51.2885-15/508479182_18053308028599399_4119462623664865639_n.jpg?stp=dst-jpg_e35_tt6&efg=eyJ2ZW5jb2RlX3RhZyI6IkNBUk9VU0VMX0lURU0uaW1hZ2VfdXJsZ2VuLjEyODB4MTU5Ny5zZHIuZjc1NzYxLmRlZmF1bHRfaW1hZ2UifQ&_nc_ht=scontent-nrt1-2.cdninstagram.com&_nc_cat=107&_nc_oc=Q6cZ2QGVdSlvX0BQUtkQF28Sfp2ohjHBKDGWroMKSaLQIQGT8BsM6QMf7aGk-HM7oKEYpQM&_nc_ohc=jD-KTeQ1ML0Q7kNvwGYsKlx&_nc_gid=X7wXnrhU4pAhXoMV_FF2vQ&edm=ABmJApABAAAA&ccb=7-5&ig_cache_key=MzY1ODE2OTU1ODUwMTgyMTQ3Ng%3D%3D.3-ccb7-5&oh=00_AfO7hJ49-1Udx1Qa25M2Pc0MV0sSvIYRb-ztJTCh8LOhjw&oe=686ACCCD&_nc_sid=b41fef
16, https://scontent-nrt1-2.cdninstagram.com/v/t51.2885-15/506081367_18053308037599399_5149663417308672227_n.jpg?stp=dst-jpg_e35_tt6&efg=eyJ2ZW5jb2RlX3RhZyI6IkNBUk9VU0VMX0lURU0uaW1hZ2VfdXJsZ2VuLjE0NDB4MTgwMC5zZHIuZjc1NzYxLmRlZmF1bHRfaW1hZ2UifQ&_nc_ht=scontent-nrt1-2.cdninstagram.com&_nc_cat=107&_nc_oc=Q6cZ2QGVdSlvX0BQUtkQF28Sfp2ohjHBKDGWroMKSaLQIQGT8BsM6QMf7aGk-HM7oKEYpQM&_nc_ohc=m2KIhm96u1wQ7kNvwFytWI9&_nc_gid=X7wXnrhU4pAhXoMV_FF2vQ&edm=ABmJApABAAAA&ccb=7-5&ig_cache_key=MzY1ODE2OTU1ODUxODUxNTkwNw%3D%3D.3-ccb7-5&oh=00_AfParRxeCX03qae4xSCk2clBDKaYzM_s5A2SXii8rxehEw&oe=686AAECC&_nc_sid=b41fef
17, https://scontent-nrt1-2.cdninstagram.com/v/t51.2885-15/503723024_18053308046599399_2927228687587119779_n.jpg?stp=dst-jpg_e35_tt6&efg=eyJ2ZW5jb2RlX3RhZyI6IkNBUk9VU0VMX0lURU0uaW1hZ2VfdXJsZ2VuLjE0NDB4MTgwMC5zZHIuZjc1NzYxLmRlZmF1bHRfaW1hZ2UifQ&_nc_ht=scontent-nrt1-2.cdninstagram.com&_nc_cat=107&_nc_oc=Q6cZ2QGVdSlvX0BQUtkQF28Sfp2ohjHBKDGWroMKSaLQIQGT8BsM6QMf7aGk-HM7oKEYpQM&_nc_ohc=M0obMktLdiwQ7kNvwHOiAhU&_nc_gid=X7wXnrhU4pAhXoMV_FF2vQ&edm=ABmJApABAAAA&ccb=7-5&ig_cache_key=MzY1ODE2OTU1ODQ5MzM0NzUyNg%3D%3D.3-ccb7-5&oh=00_AfP24gM2Rbw37MB37paIJidxkJes2Zt7aJ5a2HV7IY0NsQ&oe=686A9B85&_nc_sid=b41fef
18, https://scontent-nrt1-2.cdninstagram.com/v/t51.2885-15/503864970_18052309244599399_8744906732635322422_n.jpg?stp=dst-jpg_e35_tt6&efg=eyJ2ZW5jb2RlX3RhZyI6IkNBUk9VU0VMX0lURU0uaW1hZ2VfdXJsZ2VuLjE0NDB4MTgwMC5zZHIuZjc1NzYxLmRlZmF1bHRfaW1hZ2UifQ&_nc_ht=scontent-nrt1-2.cdninstagram.com&_nc_cat=107&_nc_oc=Q6cZ2QGVdSlvX0BQUtkQF28Sfp2ohjHBKDGWroMKSaLQIQGT8BsM6QMf7aGk-HM7oKEYpQM&_nc_ohc=K1zhQygjBk4Q7kNvwGzsQ0J&_nc_gid=X7wXnrhU4pAhXoMV_FF2vQ&edm=ABmJApABAAAA&ccb=7-5&ig_cache_key=MzY1MTczMzc4NTg2Mjg4NjE3Mw%3D%3D.3-ccb7-5&oh=00_AfPchVW7Fh94UWldND-w7v1r_Q59bwEmZcREjPGeWAn2zw&oe=686AA3DD&_nc_sid=b41fef
19, https://scontent-nrt1-2.cdninstagram.com/v/t51.2885-15/503955288_18052309253599399_7596465975857612227_n.jpg?stp=dst-jpg_e35_tt6&efg=eyJ2ZW5jb2RlX3RhZyI6IkNBUk9VU0VMX0lURU0uaW1hZ2VfdXJsZ2VuLjE0NDB4MTgwMC5zZHIuZjc1NzYxLmRlZmF1bHRfaW1hZ2UifQ&_nc_ht=scontent-nrt1-2.cdninstagram.com&_nc_cat=107&_nc_oc=Q6cZ2QGVdSlvX0BQUtkQF28Sfp2ohjHBKDGWroMKSaLQIQGT8BsM6QMf7aGk-HM7oKEYpQM&_nc_ohc=CL5mbHoAY0MQ7kNvwGqtxP2&_nc_gid=X7wXnrhU4pAhXoMV_FF2vQ&edm=ABmJApABAAAA&ccb=7-5&ig_cache_key=MzY1MTczMzc4NTgyMTAwMTA5Nw%3D%3D.3-ccb7-5&oh=00_AfPfMbE3OpKGpFxJSqbjH_DoLyNx7rTE0diSuEGvZfktzA&oe=686AC774&_nc_sid=b41fef
20, https://scontent-nrt1-2.cdninstagram.com/v/t51.2885-15/504336562_18052309265599399_4756213151205214715_n.jpg?stp=dst-jpg_e35_tt6&efg=eyJ2ZW5jb2RlX3RhZyI6IkNBUk9VU0VMX0lURU0uaW1hZ2VfdXJsZ2VuLjE0NDB4MTgwMC5zZHIuZjc1NzYxLmRlZmF1bHRfaW1hZ2UifQ&_nc_ht=scontent-nrt1-2.cdninstagram.com&_nc_cat=107&_nc_oc=Q6cZ2QGVdSlvX0BQUtkQF28Sfp2ohjHBKDGWroMKSaLQIQGT8BsM6QMf7aGk-HM7oKEYpQM&_nc_ohc=KvJrIAHUSNoQ7kNvwE9HSSO&_nc_gid=X7wXnrhU4pAhXoMV_FF2vQ&edm=ABmJApABAAAA&ccb=7-5&ig_cache_key=MzY1MTczMzc4NTgyOTM0MzM4MQ%3D%3D.3-ccb7-5&oh=00_AfN1eiX3Dvs1lV9UColyimbMkbfxfsZZpemlQLDyyZ3oyg&oe=686AA6C4&_nc_sid=b41fef
